﻿<?xml version="1.0" encoding="utf-8"?>
<Defs>
  <ThingDef ParentName="ApparelMakeableBase">
    <defName>Apparel_DustproofBoots</defName>
    <label>dustproof boots</label>
    <description>dustproof boots.</description>
    <graphicData>
      <texPath>Apparel/dboot</texPath>
      <graphicClass>Graphic_Single</graphicClass>
      <drawSize>0.85</drawSize>
    </graphicData>
    <costStuffCount>30</costStuffCount>
    <stuffCategories>
      <li>Fabric</li>
      <li>Leathery</li>
    </stuffCategories>
    <thingCategories>
      <li>Apparel</li>
    </thingCategories>
    <statBases>
      <MaxHitPoints>160</MaxHitPoints>
      <WorkToMake>2000</WorkToMake>
      <Mass>0.5</Mass>
      <StuffEffectMultiplierArmor>0.1</StuffEffectMultiplierArmor>
      <StuffEffectMultiplierInsulation_Cold>0.10</StuffEffectMultiplierInsulation_Cold>
      <StuffEffectMultiplierInsulation_Heat>0.10</StuffEffectMultiplierInsulation_Heat>
      <EquipDelay>0.3</EquipDelay>
    </statBases>
    <apparel>
      <bodyPartGroups>
        <li>Feet</li>
      </bodyPartGroups>
      <layers>
        <li>Shell</li>
      </layers>
      <tags>
        <li>DBoot</li>
      </tags>
      <defaultOutfitTags>
        <li>Worker</li>
      </defaultOutfitTags>
    </apparel>
    <colorGenerator Class="ColorGenerator_Options">
      <options>
        <li>
          <weight>10</weight>
          <only>(0.33,0.33,0.33)</only>
        </li>
        <li>
          <weight>10</weight>
          <only>(0.65,0.65,0.65)</only>
        </li>
        <li>
          <weight>10</weight>
          <only>(0.4,0.3,0.15)</only>
        </li>
        <li>
          <weight>15</weight>
          <min>(0.3,0.3,0.3)</min>
          <max>(0.5,0.5,0.5)</max>
        </li>
        <li>
          <weight>6</weight>
          <min>(0.5,0.5,0.5)</min>
          <max>(1,1,1)</max>
        </li>
      </options>
    </colorGenerator>
  </ThingDef>

  </Defs>